<?xml version="1.0" encoding="UTF-8"?>
<DEFECTS>
  <DEFECT>
    <SFA>
      <FILEPATH>C:\cLibs\SDL2-2.0.14\include\</FILEPATH>
      <FILENAME>SDL_rect.h</FILENAME>
      <LINE>102</LINE>
      <COLUMN>28</COLUMN>
    </SFA>
    <DEFECTCODE>26812</DEFECTCODE>
    <DESCRIPTION>The enum type 'SDL_bool' is unscoped. Prefer 'enum class' over 'enum' (Enum.3).</DESCRIPTION>
    <FUNCTION>SDL_PointInRect</FUNCTION>
    <DECORATED>SDL_PointInRect</DECORATED>
    <FUNCLINE>99</FUNCLINE>
    <PATH></PATH>
  </DEFECT>
</DEFECTS>