﻿<?xml version="1.0" encoding="utf-8"?><DEFECTS><DEFECT>
    <SFA>
      <FILEPATH>C:\cLibs\SDL2-2.0.14\include\</FILEPATH>
      <FILENAME>SDL_rect.h</FILENAME>
      <LINE>102</LINE>
      <COLUMN>28</COLUMN>
    </SFA>
    <DEFECTCODE>26812</DEFECTCODE>
    <DESCRIPTION>The enum type 'SDL_bool' is unscoped. Prefer 'enum class' over 'enum' (Enum.3).</DESCRIPTION>
    <FUNCTION>SDL_PointInRect</FUNCTION>
    <DECORATED>SDL_PointInRect</DECORATED>
    <FUNCLINE>99</FUNCLINE>
    <PATH></PATH>
  </DEFECT><DEFECT>
    <SFA>
      <FILEPATH>C:\Users\ziese\source\repos\CppEngine3D\</FILEPATH>
      <FILENAME>obj_loader.cpp</FILENAME>
      <LINE>75</LINE>
      <COLUMN>39</COLUMN>
    </SFA>
    <DEFECTCODE>26451</DEFECTCODE>
    <DESCRIPTION>Arithmetic overflow: Using operator '-' on a 4 byte value and then casting the result to a 8 byte value. Cast the value to the wider type before calling operator '-' to avoid overflow (io.2).</DESCRIPTION>
    <FUNCTION>load_obj_from_fname</FUNCTION>
    <DECORATED>?load_obj_from_fname@@YA?AV?$vector@Utriangle@@V?$allocator@Utriangle@@@std@@@std@@V?$basic_string@DU?$char_traits@D@std@@V?$allocator@D@2@@2@@Z</DECORATED>
    <FUNCLINE>41</FUNCLINE>
    <PATH></PATH>
  </DEFECT><DEFECT>
    <SFA>
      <FILEPATH>C:\Users\ziese\source\repos\CppEngine3D\</FILEPATH>
      <FILENAME>obj_loader.cpp</FILENAME>
      <LINE>76</LINE>
      <COLUMN>39</COLUMN>
    </SFA>
    <DEFECTCODE>26451</DEFECTCODE>
    <DESCRIPTION>Arithmetic overflow: Using operator '-' on a 4 byte value and then casting the result to a 8 byte value. Cast the value to the wider type before calling operator '-' to avoid overflow (io.2).</DESCRIPTION>
    <FUNCTION>load_obj_from_fname</FUNCTION>
    <DECORATED>?load_obj_from_fname@@YA?AV?$vector@Utriangle@@V?$allocator@Utriangle@@@std@@@std@@V?$basic_string@DU?$char_traits@D@std@@V?$allocator@D@2@@2@@Z</DECORATED>
    <FUNCLINE>41</FUNCLINE>
    <PATH></PATH>
  </DEFECT><DEFECT>
    <SFA>
      <FILEPATH>C:\Users\ziese\source\repos\CppEngine3D\</FILEPATH>
      <FILENAME>obj_loader.cpp</FILENAME>
      <LINE>77</LINE>
      <COLUMN>39</COLUMN>
    </SFA>
    <DEFECTCODE>26451</DEFECTCODE>
    <DESCRIPTION>Arithmetic overflow: Using operator '-' on a 4 byte value and then casting the result to a 8 byte value. Cast the value to the wider type before calling operator '-' to avoid overflow (io.2).</DESCRIPTION>
    <FUNCTION>load_obj_from_fname</FUNCTION>
    <DECORATED>?load_obj_from_fname@@YA?AV?$vector@Utriangle@@V?$allocator@Utriangle@@@std@@@std@@V?$basic_string@DU?$char_traits@D@std@@V?$allocator@D@2@@2@@Z</DECORATED>
    <FUNCLINE>41</FUNCLINE>
    <PATH></PATH>
  </DEFECT><DEFECT>
    <SFA>
      <FILEPATH>C:\Users\ziese\source\repos\CppEngine3D\</FILEPATH>
      <FILENAME>obj_loader.cpp</FILENAME>
      <LINE>88</LINE>
      <COLUMN>47</COLUMN>
    </SFA>
    <DEFECTCODE>26451</DEFECTCODE>
    <DESCRIPTION>Arithmetic overflow: Using operator '-' on a 4 byte value and then casting the result to a 8 byte value. Cast the value to the wider type before calling operator '-' to avoid overflow (io.2).</DESCRIPTION>
    <FUNCTION>load_obj_from_fname</FUNCTION>
    <DECORATED>?load_obj_from_fname@@YA?AV?$vector@Utriangle@@V?$allocator@Utriangle@@@std@@@std@@V?$basic_string@DU?$char_traits@D@std@@V?$allocator@D@2@@2@@Z</DECORATED>
    <FUNCLINE>41</FUNCLINE>
    <PATH></PATH>
  </DEFECT><DEFECT>
    <SFA>
      <FILEPATH>C:\Users\ziese\source\repos\CppEngine3D\</FILEPATH>
      <FILENAME>obj_loader.cpp</FILENAME>
      <LINE>89</LINE>
      <COLUMN>47</COLUMN>
    </SFA>
    <DEFECTCODE>26451</DEFECTCODE>
    <DESCRIPTION>Arithmetic overflow: Using operator '-' on a 4 byte value and then casting the result to a 8 byte value. Cast the value to the wider type before calling operator '-' to avoid overflow (io.2).</DESCRIPTION>
    <FUNCTION>load_obj_from_fname</FUNCTION>
    <DECORATED>?load_obj_from_fname@@YA?AV?$vector@Utriangle@@V?$allocator@Utriangle@@@std@@@std@@V?$basic_string@DU?$char_traits@D@std@@V?$allocator@D@2@@2@@Z</DECORATED>
    <FUNCLINE>41</FUNCLINE>
    <PATH></PATH>
  </DEFECT><DEFECT>
    <SFA>
      <FILEPATH>C:\Users\ziese\source\repos\CppEngine3D\</FILEPATH>
      <FILENAME>obj_loader.cpp</FILENAME>
      <LINE>90</LINE>
      <COLUMN>47</COLUMN>
    </SFA>
    <DEFECTCODE>26451</DEFECTCODE>
    <DESCRIPTION>Arithmetic overflow: Using operator '-' on a 4 byte value and then casting the result to a 8 byte value. Cast the value to the wider type before calling operator '-' to avoid overflow (io.2).</DESCRIPTION>
    <FUNCTION>load_obj_from_fname</FUNCTION>
    <DECORATED>?load_obj_from_fname@@YA?AV?$vector@Utriangle@@V?$allocator@Utriangle@@@std@@@std@@V?$basic_string@DU?$char_traits@D@std@@V?$allocator@D@2@@2@@Z</DECORATED>
    <FUNCLINE>41</FUNCLINE>
    <PATH></PATH>
  </DEFECT></DEFECTS>